{
  "cellWorldPx": 1.35,
  "levels": {
    "1": {
      "body": {
        "file": "lab_L1_wreck_body.png",
        "texelW": 52,
        "texelH": 33,
        "cellWorldPx": 1.35,
        "originX": 0.45085470085470053,
        "originY": 0.6150392817059478
      }
    },
    "2": {
      "body": {
        "file": "lab_L2_wreck_body.png",
        "texelW": 52,
        "texelH": 33,
        "cellWorldPx": 1.35,
        "originX": 0.45085470085470053,
        "originY": 0.6150392817059478
      }
    },
    "3": {
      "body": {
        "file": "lab_L3_wreck_body.png",
        "texelW": 52,
        "texelH": 33,
        "cellWorldPx": 1.35,
        "originX": 0.45085470085470053,
        "originY": 0.6150392817059478
      }
    }
  }
}