{
  "cellWorldPx": 1.35,
  "levels": {
    "1": {
      "body": {
        "file": "tesla_L1_wreck_body.png",
        "texelW": 27,
        "texelH": 14,
        "cellWorldPx": 1.35,
        "originX": 0.3868312757201644,
        "originY": 0.6137566137566134
      }
    },
    "2": {
      "body": {
        "file": "tesla_L2_wreck_body.png",
        "texelW": 27,
        "texelH": 14,
        "cellWorldPx": 1.35,
        "originX": 0.3868312757201644,
        "originY": 0.6137566137566134
      }
    },
    "3": {
      "body": {
        "file": "tesla_L3_wreck_body.png",
        "texelW": 27,
        "texelH": 14,
        "cellWorldPx": 1.35,
        "originX": 0.3868312757201644,
        "originY": 0.6137566137566134
      }
    }
  }
}