{
  "cellWorldPx": 1.35,
  "levels": {
    "1": {
      "body": {
        "file": "dragons_breath_L1_wreck_body.png",
        "texelW": 125,
        "texelH": 76,
        "cellWorldPx": 1.35,
        "originX": 0.47555555555555556,
        "originY": 0.5092592592592592
      }
    },
    "2": {
      "body": {
        "file": "dragons_breath_L2_wreck_body.png",
        "texelW": 125,
        "texelH": 76,
        "cellWorldPx": 1.35,
        "originX": 0.47555555555555556,
        "originY": 0.5092592592592592
      }
    }
  }
}