{
  "cellWorldPx": 1.35,
  "levels": {
    "1": {
      "body": {
        "file": "barracks_L1_wreck_body.png",
        "texelW": 59,
        "texelH": 29,
        "cellWorldPx": 1.35,
        "originX": 0.3804143126177022,
        "originY": 0.4929757343550442
      }
    },
    "2": {
      "body": {
        "file": "barracks_L2_wreck_body.png",
        "texelW": 59,
        "texelH": 29,
        "cellWorldPx": 1.35,
        "originX": 0.3804143126177022,
        "originY": 0.4929757343550442
      }
    },
    "3": {
      "body": {
        "file": "barracks_L3_wreck_body.png",
        "texelW": 59,
        "texelH": 29,
        "cellWorldPx": 1.35,
        "originX": 0.3804143126177022,
        "originY": 0.4929757343550442
      }
    },
    "4": {
      "body": {
        "file": "barracks_L4_wreck_body.png",
        "texelW": 59,
        "texelH": 29,
        "cellWorldPx": 1.35,
        "originX": 0.3804143126177022,
        "originY": 0.4929757343550442
      }
    },
    "5": {
      "body": {
        "file": "barracks_L5_wreck_body.png",
        "texelW": 59,
        "texelH": 29,
        "cellWorldPx": 1.35,
        "originX": 0.3804143126177022,
        "originY": 0.4929757343550442
      }
    },
    "6": {
      "body": {
        "file": "barracks_L6_wreck_body.png",
        "texelW": 59,
        "texelH": 29,
        "cellWorldPx": 1.35,
        "originX": 0.3804143126177022,
        "originY": 0.4929757343550442
      }
    },
    "7": {
      "body": {
        "file": "barracks_L7_wreck_body.png",
        "texelW": 59,
        "texelH": 29,
        "cellWorldPx": 1.35,
        "originX": 0.3804143126177022,
        "originY": 0.4929757343550442
      }
    },
    "8": {
      "body": {
        "file": "barracks_L8_wreck_body.png",
        "texelW": 59,
        "texelH": 29,
        "cellWorldPx": 1.35,
        "originX": 0.3804143126177022,
        "originY": 0.4929757343550442
      }
    },
    "9": {
      "body": {
        "file": "barracks_L9_wreck_body.png",
        "texelW": 59,
        "texelH": 29,
        "cellWorldPx": 1.35,
        "originX": 0.3804143126177022,
        "originY": 0.4929757343550442
      }
    },
    "10": {
      "body": {
        "file": "barracks_L10_wreck_body.png",
        "texelW": 59,
        "texelH": 29,
        "cellWorldPx": 1.35,
        "originX": 0.3804143126177022,
        "originY": 0.4929757343550442
      }
    },
    "11": {
      "body": {
        "file": "barracks_L11_wreck_body.png",
        "texelW": 59,
        "texelH": 29,
        "cellWorldPx": 1.35,
        "originX": 0.3804143126177022,
        "originY": 0.4929757343550442
      }
    },
    "12": {
      "body": {
        "file": "barracks_L12_wreck_body.png",
        "texelW": 59,
        "texelH": 29,
        "cellWorldPx": 1.35,
        "originX": 0.3804143126177022,
        "originY": 0.4929757343550442
      }
    },
    "13": {
      "body": {
        "file": "barracks_L13_wreck_body.png",
        "texelW": 59,
        "texelH": 29,
        "cellWorldPx": 1.35,
        "originX": 0.3804143126177022,
        "originY": 0.4929757343550442
      }
    }
  }
}